panel,series,x,value,unit,source,note
a,contained,3.8,0.5531154164946059,population share,results/exp2/C1/c1_feasibility_audit.json,
a,mass_feasible,3.8,0.3668059450514276,population share,results/exp2/C1/c1_focal_counts.json,
a,class_feasible,3.8,0.3362016916729914,population share,results/exp2/C1/c1_focal_counts.json,
a,two_distinct,3.8,0.25790129627864894,population share,results/exp2/C1/c1_focal_counts.json,
a,"eligible / window mass, q05 q25 q50 q75 q95",3.8,0.2155 0.4043 0.5691 0.7151 0.8583,ratio,results/exp2/C1/feasibility_r3.8.npz,over 1076 anchor-contained tracts
a,contained,7.5,0.7125783396219352,population share,results/exp2/C1/c1_feasibility_audit.json,
a,mass_feasible,7.5,0.5746661398735919,population share,results/exp2/C1/c1_focal_counts.json,
a,class_feasible,7.5,0.5564139895572633,population share,results/exp2/C1/c1_focal_counts.json,
a,two_distinct,7.5,0.5127206462609475,population share,results/exp2/C1/c1_focal_counts.json,
a,"eligible / window mass, q05 q25 q50 q75 q95",7.5,0.2555 0.5113 0.7060 0.8133 0.8843,ratio,results/exp2/C1/feasibility_r7.5.npz,over 1391 anchor-contained tracts
a,contained,15,0.9168446048943121,population share,results/exp2/C1/c1_feasibility_audit.json,
a,mass_feasible,15,0.7433255968813827,population share,results/exp2/C1/c1_focal_counts.json,
a,class_feasible,15,0.7317951161184925,population share,results/exp2/C1/c1_focal_counts.json,
a,two_distinct,15,0.6920645438449936,population share,results/exp2/C1/c1_focal_counts.json,
a,"eligible / window mass, q05 q25 q50 q75 q95",15,0.2205 0.5636 0.7965 0.8850 0.9266,ratio,results/exp2/C1/feasibility_r15.npz,over 1782 anchor-contained tracts
a,contained,30,0.9984438101114695,population share,results/exp2/C1/c1_feasibility_audit.json,
a,mass_feasible,30,0.9067028822638619,population share,results/exp2/C1/c1_focal_counts.json,
a,class_feasible,30,0.9067028822638619,population share,results/exp2/C1/c1_focal_counts.json,
a,two_distinct,30,0.8892685728651363,population share,results/exp2/C1/c1_focal_counts.json,
a,"eligible / window mass, q05 q25 q50 q75 q95",30,0.4129 0.6954 0.8651 0.9374 0.9563,ratio,results/exp2/C1/feasibility_r30.npz,over 1933 anchor-contained tracts
b,"producer, fractional",7.5,936,ordered named pairs,results/exp2/B3/b3_classes_georgia_v5.json,
b,"producer, subset_sums",7.5,62,ordered named pairs,results/exp2/B3/b3_classes_georgia_v5.json,
b,"checker, fractional",7.5,936,ordered named pairs,results/exp2/checker/check_b3_incompat.json,
b,"checker, subset_sums",7.5,62,ordered named pairs,results/exp2/checker/check_b3_incompat.json,
b,"undecided (large overlap, not counted)",7.5,1876,ordered named pairs,results/exp2/checker/check_b3_incompat.json,
b,"producer, fractional",15.0,792,ordered named pairs,results/exp2/B3/b3_classes_georgia_v5.json,
b,"producer, subset_sums",15.0,30,ordered named pairs,results/exp2/B3/b3_classes_georgia_v5.json,
b,"checker, fractional",15.0,792,ordered named pairs,results/exp2/checker/check_b3_incompat_7.5_15.json,
b,"checker, subset_sums",15.0,30,ordered named pairs,results/exp2/checker/check_b3_incompat_7.5_15.json,
b,"undecided (large overlap, not counted)",15.0,10232,ordered named pairs,results/exp2/checker/check_b3_incompat_7.5_15.json,
c,tracts by smallest feasible radius,3.8 km,605,tracts,data/rasters/geo_st13_raster.npz,population share 0.3362
c,tracts by smallest feasible radius,7.5 km,438,tracts,data/rasters/geo_st13_raster.npz,population share 0.2247
c,tracts by smallest feasible radius,15 km,374,tracts,data/rasters/geo_st13_raster.npz,population share 0.1779
c,tracts by smallest feasible radius,30 km,346,tracts,data/rasters/geo_st13_raster.npz,population share 0.1737
c,tracts by smallest feasible radius,none,174,tracts,data/rasters/geo_st13_raster.npz,population share 0.0874
d,"critical value, endpoint statistic, Gaussian",3.8,4.015061647346022,standardized units,results/exp2/C1/c1_georgia_familysup4.json,
d,"critical value, endpoint statistic, Gaussian",7.5,4.1055719504502255,standardized units,results/exp2/C1/c1_georgia_familysup4.json,
d,"critical value, endpoint statistic, Gaussian",15,4.031739542815941,standardized units,results/exp2/C1/c1_georgia_familysup4.json,
d,"critical value, endpoint statistic, Gaussian",30,3.9447348089688488,standardized units,results/exp2/C1/c1_georgia_familysup4.json,
d,"critical value, pair statistic, Gaussian",7.5,5.163264314326935,standardized units,results/exp2/B3/b3_classes_georgia_v5.json,
d,"critical value, pair statistic, Gaussian",15,4.955128162736902,standardized units,results/exp2/B3/b3_classes_georgia_v5.json,
d,"critical value, endpoint statistic, gamma, shape 4",3.8,5.365872564066504,standardized units,results/exp2/C1/c1_georgia_familysup4.json,
d,"critical value, endpoint statistic, gamma, shape 4",7.5,5.357183646255856,standardized units,results/exp2/C1/c1_georgia_familysup4.json,
d,"critical value, endpoint statistic, gamma, shape 4",15,4.989734670557696,standardized units,results/exp2/C1/c1_georgia_familysup4.json,
d,"critical value, endpoint statistic, gamma, shape 4",30,4.744047955463412,standardized units,results/exp2/C1/c1_georgia_familysup4.json,
d,"critical value, pair statistic, gamma, shape 4",7.5,5.770520207610944,standardized units,results/exp2/B3/b3_classes_georgia_v5.json,
d,"critical value, pair statistic, gamma, shape 4",15,5.436736243683422,standardized units,results/exp2/B3/b3_classes_georgia_v5.json,
d,"critical value, endpoint statistic, exponential",3.8,6.943674509422667,standardized units,results/exp2/C1/c1_georgia_familysup4.json,
d,"critical value, endpoint statistic, exponential",7.5,6.55077286825048,standardized units,results/exp2/C1/c1_georgia_familysup4.json,
d,"critical value, endpoint statistic, exponential",15,6.266490576236459,standardized units,results/exp2/C1/c1_georgia_familysup4.json,
d,"critical value, endpoint statistic, exponential",30,5.67246320612369,standardized units,results/exp2/C1/c1_georgia_familysup4.json,
d,"critical value, pair statistic, exponential",7.5,7.098200899369558,standardized units,results/exp2/B3/b3_classes_georgia_v5.json,
d,"critical value, pair statistic, exponential",15,6.606834826216833,standardized units,results/exp2/B3/b3_classes_georgia_v5.json,
d,"critical value, endpoint statistic, Student t, 4 d.f.",3.8,8.560066825192523,standardized units,results/exp2/C1/c1_georgia_familysup4.json,
d,"critical value, endpoint statistic, Student t, 4 d.f.",7.5,7.644469440579667,standardized units,results/exp2/C1/c1_georgia_familysup4.json,
d,"critical value, endpoint statistic, Student t, 4 d.f.",15,6.76665191893606,standardized units,results/exp2/C1/c1_georgia_familysup4.json,
d,"critical value, endpoint statistic, Student t, 4 d.f.",30,5.991025722058837,standardized units,results/exp2/C1/c1_georgia_familysup4.json,
d,"critical value, pair statistic, Student t, 4 d.f.",7.5,8.985987635961314,standardized units,results/exp2/B3/b3_classes_georgia_v5.json,
d,"critical value, pair statistic, Student t, 4 d.f.",15,7.792041709308432,standardized units,results/exp2/B3/b3_classes_georgia_v5.json,
d,"median half-width, Gaussian",3.8,0.025247328598997976,kfr,results/exp2/C1/c1_georgia_familysup4.json,
d,"median half-width, four-law family",3.8,0.04825785873773465,kfr,results/exp2/C1/c1_georgia_familysup4.json,
d,"median half-width, Gaussian",7.5,0.020351400280918187,kfr,results/exp2/C1/c1_georgia_familysup4.json,
d,"median half-width, four-law family",7.5,0.032409163987484016,kfr,results/exp2/C1/c1_georgia_familysup4.json,
d,"median half-width, Gaussian",15,0.017077795844064877,kfr,results/exp2/C1/c1_georgia_familysup4.json,
d,"median half-width, four-law family",15,0.02301984537050835,kfr,results/exp2/C1/c1_georgia_familysup4.json,
d,"median half-width, Gaussian",30,0.015770124520438418,kfr,results/exp2/C1/c1_georgia_familysup4.json,
d,"median half-width, four-law family",30,0.01941058000730455,kfr,results/exp2/C1/c1_georgia_familysup4.json,
e,single admissible focal cell only,3.8,0.07830039539434253,population share,results/exp2/C1/c1_focal_counts.json,
e,median log2 lower bound on admissible focal cells,3.8,6.0,log2 count,results/exp2/C1/c1_focal_counts.json,
e,"certified not-hot share, noiseless, all locations",3.8,0.3108719757520049,population share,results/exp2/C1/c1_georgia_familysup4.json,
e,"certified not-hot share, noiseless, >=2 distinct cells",3.8,0.2436439027240442,population share,results/exp2/C1/c1_georgia_familysup4.json,
e,"certified not-hot share, gaussian, all locations",3.8,0.2602470986333759,population share,results/exp2/C1/c1_georgia_familysup4.json,
e,"certified not-hot share, gaussian, >=2 distinct cells",3.8,0.20641658663053275,population share,results/exp2/C1/c1_georgia_familysup4.json,
e,"certified not-hot share, family, all locations",3.8,0.22441515074781127,population share,results/exp2/C1/c1_georgia_familysup4.json,
e,"certified not-hot share, family, >=2 distinct cells",3.8,0.1794973350095365,population share,results/exp2/C1/c1_georgia_familysup4.json,
e,single admissible focal cell only,7.5,0.04369334329631581,population share,results/exp2/C1/c1_focal_counts.json,
e,median log2 lower bound on admissible focal cells,7.5,19.0,log2 count,results/exp2/C1/c1_focal_counts.json,
e,"certified not-hot share, noiseless, all locations",7.5,0.471868255812623,population share,results/exp2/C1/c1_georgia_familysup4.json,
e,"certified not-hot share, noiseless, >=2 distinct cells",7.5,0.43277475877992844,population share,results/exp2/C1/c1_georgia_familysup4.json,
e,"certified not-hot share, gaussian, all locations",7.5,0.4065617230670033,population share,results/exp2/C1/c1_georgia_familysup4.json,
e,"certified not-hot share, gaussian, >=2 distinct cells",7.5,0.37905099370871026,population share,results/exp2/C1/c1_georgia_familysup4.json,
e,"certified not-hot share, family, all locations",7.5,0.3578690028229285,population share,results/exp2/C1/c1_georgia_familysup4.json,
e,"certified not-hot share, family, >=2 distinct cells",7.5,0.34001597596092165,population share,results/exp2/C1/c1_georgia_familysup4.json,
e,single admissible focal cell only,15,0.0397305722734988,population share,results/exp2/C1/c1_focal_counts.json,
e,median log2 lower bound on admissible focal cells,15,45.0,log2 count,results/exp2/C1/c1_focal_counts.json,
e,"certified not-hot share, noiseless, all locations",15,0.5806765974957881,population share,results/exp2/C1/c1_georgia_familysup4.json,
e,"certified not-hot share, noiseless, >=2 distinct cells",15,0.5441339631388118,population share,results/exp2/C1/c1_georgia_familysup4.json,
e,"certified not-hot share, gaussian, all locations",15,0.48973048220782045,population share,results/exp2/C1/c1_georgia_familysup4.json,
e,"certified not-hot share, gaussian, >=2 distinct cells",15,0.4684936066031141,population share,results/exp2/C1/c1_georgia_familysup4.json,
e,"certified not-hot share, family, all locations",15,0.4436885312482182,population share,results/exp2/C1/c1_georgia_familysup4.json,
e,"certified not-hot share, family, >=2 distinct cells",15,0.428579082305501,population share,results/exp2/C1/c1_georgia_familysup4.json,
e,single admissible focal cell only,30,0.017434309398725686,population share,results/exp2/C1/c1_focal_counts.json,
e,median log2 lower bound on admissible focal cells,30,65.0,log2 count,results/exp2/C1/c1_focal_counts.json,
e,"certified not-hot share, noiseless, all locations",30,0.712487318163604,population share,results/exp2/C1/c1_georgia_familysup4.json,
e,"certified not-hot share, noiseless, >=2 distinct cells",30,0.6964037305546444,population share,results/exp2/C1/c1_georgia_familysup4.json,
e,"certified not-hot share, gaussian, all locations",30,0.5443118616738011,population share,results/exp2/C1/c1_georgia_familysup4.json,
e,"certified not-hot share, gaussian, >=2 distinct cells",30,0.5312468684233372,population share,results/exp2/C1/c1_georgia_familysup4.json,
e,"certified not-hot share, family, all locations",30,0.4722704928685262,population share,results/exp2/C1/c1_georgia_familysup4.json,
e,"certified not-hot share, family, >=2 distinct cells",30,0.46500797436999597,population share,results/exp2/C1/c1_georgia_familysup4.json,
